{"cameraMode":{"drawMode":0,"name":"Shaded","section":"Shading Mode"},"sceneLighting":false,"audioPlay":false,"sceneViewState":{"m_AlwaysRefresh":false,"showFog":false,"showSkybox":false,"showFlares":false,"showImageEffects":false,"showParticleSystems":false,"showVisualEffectGraphs":true,"m_FxEnabled":true},"in2DMode":false,"pivot":{"x":-0.2459520548582077,"y":1.0943440198898316,"z":-0.19440126419067384},"rotation":{"x":-0.0009546703076921403,"y":0.9858530759811401,"z":-0.16751345992088319,"w":-0.005618460942059755},"size":0.5705280303955078,"orthographic":false}