{"cameraMode":{"drawMode":2,"name":"Shaded Wireframe","section":"Shading Mode"},"sceneLighting":false,"audioPlay":false,"sceneViewState":{"m_AlwaysRefresh":false,"showFog":true,"showSkybox":true,"showFlares":true,"showImageEffects":true,"showParticleSystems":true,"showVisualEffectGraphs":true,"m_FxEnabled":true},"in2DMode":false,"pivot":{"x":0.0000010132789611816407,"y":0.781774640083313,"z":-0.02861383557319641},"rotation":{"x":-0.000995878828689456,"y":0.9979652762413025,"z":-0.06176291033625603,"w":-0.016167718917131425},"size":1.0783718824386597,"orthographic":false}